area,perimeter,centroid_x,centroid_y
38.94112387913317,34.3105850693643,-0.6198861209246258,26.01377822334246
0.45555235509546316,4.904967377744206,2.066976503588571,36.184338758643534
0.2381440509313927,4.2967225914474385,-1.0554878038738864,35.35085337786295
0.07757437148804933,2.387500664769267,3.0566231240496626,36.70560009030958
0.14259997711259131,2.8971534900675544,7.542946068530262,36.838239723751315
1.2046767403205898,8.735677384784912,5.874551086918729,35.4196894226904
15.066126626946868,21.136809972918915,-2.469133485553312,30.06751126101895
0.32483943810893406,5.107444219799265,4.835866167894307,36.57642652800832
2.1096635336571845,11.408989756402596,5.334959313958071,34.46879743916065
0.14903510398941539,3.33049649889414,2.919619123025825,36.4921738776046
0.39375532515023975,4.684896632863469,4.714836920527839,36.0811311837869
0.4480514959131468,4.659157107656199,3.843517690123929,36.252754496889985
0.14646547936962584,3.0898084057594923,3.63867570507931,36.72869048962503
0.4085634782521902,5.165674340406911,1.2563896825231182,36.23805799863025
0.22529900883597578,3.2169898712144565,6.687941165351456,36.3483189552399
3.171906910952846,13.142000290108056,3.5338159146126853,34.386849582779526
6.883750995927502,12.862924891204473,0.9115885300092597,32.565401043048446
4.240675585002517,13.35295247118071,7.000937483433966,33.28019018652905
0.2912523836899754,3.723633356036822,8.146472171665657,36.713471722129725
7.993751615942522,13.048975397712752,3.177278608198225,31.179995185637395
0.3701746646181595,3.9745100794647428,7.395679525383608,36.395774914315645
26.658272280977606,26.67583480286108,8.316549069715839,26.78429233979809
0.24185371514796433,3.8366438187893404,5.970617054643239,36.701233459797024
0.9449154187268364,6.555012395488351,6.996474886596594,34.98241371142286
2.6765936716343854,10.236030530638917,2.72955105592172,33.607571257972864
1.7771088507450343,10.440415840243963,4.258620423542566,35.28760262286351
0.562892728695612,5.30610672127496,0.15925809574228392,35.39167355084507
0.8711325277957526,7.4763019368296915,2.9232976872255256,35.978897142758676
0.35153277285889867,4.03640615361181,6.145845128070683,36.29331698623812
0.2210112440975022,3.5517239616316876,0.333109651827309,35.9873940238235
2.882533801642184,8.273643804639779,-0.7682717902023773,33.304716835256954
0.21248067685470975,4.4839357955864285,-0.5985904552290194,35.648792971386705
14.588080664663197,20.073151921469055,6.115207721249501,31.128273914647338
0.6242826615003974,6.142013091899685,7.065273570106138,35.83645816369082
0.4857989266338362,4.931140163993818,0.8013216882559582,35.800801004821516
0.6654239981596114,5.251359004185816,0.2811947101131886,34.73743188769479
0.6671983255866009,6.589622371076695,5.438340766351922,36.137376882597515
0.9229029633698301,7.6943356890801375,-0.5028615168608158,34.70694240877661
0.4186556600158076,5.688437040141126,6.8333598062450704,36.782351086362716
0.423022754802409,4.182738755554299,7.883546844647795,36.14932942465407
53.39090391503551,35.86968389663451,4.664533412797443,23.909520215791325
1.3103646631492747,7.121651667802661,7.85547832610447,35.06201317622803
1.9851269389918071,8.526568222843995,1.5304239330791127,34.965108849427914
14.783439261062265,16.139658870205068,-6.062753361202167,27.696691446319747
0.1743536756527291,3.8642651210900314,2.2188921789107616,36.519419225942045
0.31982279445135026,4.533040560772507,1.8116799993269814,35.75735742660886
0.2993956836529719,3.3690088957028386,4.204092564004532,36.674756906710165
0.8921342622388769,5.889704642680372,-1.4040156482073691,34.72707536107557
2.8256333584503373,11.737586112328481,13.881412730807842,-8.977739794491841
3.29116325771506,10.55721877193459,13.98970618675537,-12.93351173067419
5.988352410719562,15.46205524743697,17.362581151595418,-12.324933119423346
0.5749333067050773,5.3242546259464545,12.475661010806663,-5.039294188793043
16.854941352163028,21.434856082860804,19.516422569246796,-16.11853757762462
1.9584374997120586,7.51712819634689,14.945960635837695,-8.898622273355821
4.568578232311105,11.872692663896416,15.044849408749561,-10.825980346900224
6.539439589548192,12.132783047597528,15.578520426746453,-16.503512861678196
2.756254538718651,7.821160179669893,15.745633839867983,-12.569171647078111
6.604707170109072,13.354489935436124,14.950096451362835,-14.74288031746876
0.20115879377197188,4.401175826081285,13.310451032983686,-8.979736464834563
8.857050640796373,16.104988421706683,19.492904131476223,-8.652086940129346
6.428032473050991,13.23969158008963,20.655399481695817,-10.176150395238913
6.766355880835734,17.16733134708947,16.95820551961667,-9.490051788035174
16.658143194253633,23.7932779975598,21.04007468011597,-12.879725572831212
4.878190070788481,14.933667534624018,12.727127924973942,-15.493156955193145
5.076055346882139,12.68213526489637,15.47739000556966,-7.024051166000559
2.991228162830743,10.109513968778474,13.561867575055699,-6.608524617464505
2.193246367288169,6.82487139292178,2.9041596293224625,11.334217356679753
1.718562329190276,5.969296896828859,1.581715981251396,10.693534271604245
0.2514032496356627,2.365656669785386,2.2216427215530477,6.611915560460879
2.1489152563038982,7.406842387745274,2.7664809566438886,9.788361595532955
1.1664552615298613,5.037472836568449,2.207144394988733,8.129299876112727
0.899959443440796,4.899717142961638,1.7947033009526583,9.35562883489596
0.2037031398718672,2.5167441910873127,1.7828943141449065,6.996436805140328
0.0033749014436417835,0.36421553560520276,2.4117898408898912,6.364694713383723
0.1300561761241855,2.763792027920981,1.8386248560033611,6.549603145401428
0.11030380160764015,1.8492880502357654,2.539619684104031,6.626817995100904
0.26360880459033786,3.112334604364047,2.6288948770380047,7.1794979710395035
0.42197615517567005,2.8311186667100845,2.1086151047054544,7.274657760599755
12.781498679655394,19.82529554687889,26.27168272375712,-21.53879673020932
1.7936717685971681,6.4670987943847615,24.80380032647258,-18.512696879018186
0.008075981379340772,0.3741301184737947,27.49711284219321,-21.17731238045481
0.025083653113804394,0.6569340694298061,25.931149716207443,-24.61961962527045
10.026858768375773,14.363856717241365,22.599457513298105,-22.29411979407494
0.0012530127943976574,0.1456555118573148,24.73113115419669,-24.607074962827973
9.39165432591479,18.52740658722513,21.753468453164782,-24.856264223938606
0.6917138642903391,4.400670302176028,26.351842088907212,-24.152417593364916
3.27426479840075,8.513789152671594,24.686336549317545,-23.86278543168492
0.002130622606539509,0.20527389735051568,25.685499140845472,-25.213798766151648
0.4560500341827467,3.8883179448971443,27.567602039590316,-21.014552129057385
9.58891709467311,14.580126043212326,22.77129727954333,-19.61155114187672
0.0040367192348392585,0.2772654997676326,27.84895927374387,-21.97918813678703
0.15114654479182696,3.145266670155741,25.77204254885584,-24.972419207062117
2.442994740385701,8.391324223890544,24.46551780672878,-24.92480019653416
0.0003840427745926195,0.07635361087734331,26.222942047131774,-20.56398360590672
2.8734418190457442,12.141787854968285,-3.488816847437026,12.54066633761803
1.5332887769855557,8.275748217692055,-4.570418022373114,10.35171341430172
1.2183466536695777,7.783243437920103,-0.18605386128622492,11.60533711652502
1.640669327001819,7.176744654013114,-0.974549856167588,13.268768650443112
1.810279715340168,9.599876905221656,-2.218592657930333,11.792338849459275
0.9541940838245063,6.594389516699204,-1.2183090688350298,11.580853692273317
0.23844737110560793,2.9814576852076176,-1.5022751000690084,12.322548824587887
3.8708995995103797,12.15333477662668,0.9198929726909464,12.227672318676975
2.1218336705570024,10.052839205057063,-4.332121160118037,11.3678241953364
1.3703879387505689,6.700495983388884,-2.283268353006586,13.459389962946922
0.7153412638809733,6.769732565586315,-1.1429589257077475,12.449696558563263
3.0268728581257296,11.0100267965876,-0.4400681182836142,14.146370593117734
1.3493369997073796,7.634866763792517,-3.2328013773000612,10.478039331083803
0.0856113160946107,1.5338402499849433,29.39933338414803,-3.1245560322512733
0.016406600576625737,0.8571838842433422,29.336218759023023,-3.383808534180298
0.1268096751870111,2.6883444167416632,29.39694078816413,-3.4990589555216682
0.2511865830508401,2.8799998225574557,29.5546731519713,-3.8910906370998863
0.15350670075304365,2.2543066764482615,30.60373692044752,-3.141902630083736
0.12672502485339263,2.303036723532931,29.22925395560207,-2.8190537745866244
0.1544772217981587,3.143934980476554,29.922228974515715,-3.4922711331344165
0.11479276422959332,2.023652229940787,30.12023465392348,-3.1373812584353167
0.09599507555335718,1.8965935700379688,29.658968844703878,-3.0072852990644914
0.14379017323061793,1.9043131560654374,30.15764446681856,-2.5440189952100645
0.2082274080147396,2.9678750447151576,29.735686666353473,-4.2477480788387085
0.054206027721412746,1.4038787721958095,29.65185682824458,-3.2712466457989704
0.14558591457081765,3.168563029002806,30.347166272771375,-2.776958206403106
0.0668035165563773,1.7524079297918065,29.71529971810495,-3.4905511313318827
0.1143599187324145,2.020393772755676,29.924910223990587,-2.8749776442086774
0.1504673179984495,2.435744137470331,30.094934672986042,-3.8750268233167726
0.18306233510722955,2.545279323496393,30.322775683836,-3.458014987634294
0.05322223721207807,1.6061004876129745,-22.814119257235138,16.098433602325912
0.005833075848463,0.8318079417945801,-24.7031701796233,14.85893724624351
0.022899572375595298,1.0802420375301829,-23.16062181320389,15.218011374661796
0.006813287919620356,0.42242391485859343,-24.33866482207352,15.002525978129695
0.004027718186014723,0.40547015197718606,-25.01158531990369,17.11644734354754
0.049027328878018486,1.3809141038886448,-25.19619036665397,17.027224243934352
0.008559025231000127,0.4992866919964599,-23.5229109224613,14.949786685884034
0.019913236405939973,1.4721761201959132,-24.20568538965201,16.600999908583397
0.014153209094091027,0.6379215364670409,-25.124618639278708,17.141061130773707
0.011907262982602352,0.6467462216913504,-23.640524124055528,14.975351254180662
0.01893136517072432,1.1248858508880835,-22.931439506400423,16.737212560379525
0.019082854759160828,0.951373280657489,-23.711816066980408,15.107307534987768
0.004646455613692263,0.2754722251965041,-24.33677668237055,14.927681103430682
0.009647598358240785,0.6202688197661881,-23.557425969054165,15.113433965852101
0.013244833739612702,0.8067809960468468,-23.523543095991055,15.020673151004782
0.028410508332581866,1.047518609038119,-24.403053671763505,14.910637813789025
0.003040613524841329,0.22873917192042598,-23.600740152155264,15.066276752980647
0.006736075903165301,0.4291087442109874,-23.641642990754818,15.193503816576811
0.0025946146939328,0.2355523960843925,-23.636667675170717,15.089842724316771
0.022895864432085723,1.761621677952822,-24.927422014500458,16.828228637770724
0.010062400313040704,0.7166555538876801,-23.7186049029706,15.26585781111545
0.009694560394052905,0.6770500340198544,-24.35996942937053,16.59342315744786
5.234395667366677,14.331818756678029,13.142650739073027,6.843599866907647
5.607790110360227,16.12409436000284,11.821361036403136,4.663345433356979
8.870866210710885,18.306900932983602,14.209452874088027,3.7973156599496547
2.8379123648322557,12.860464785263513,14.529634223374908,11.080967172852883
1.6395639315393942,10.994519702430534,10.117610064449522,4.259448946530203
1.4266662732168591,6.788821145687159,10.37062719699838,6.366556452349997
5.449259211896918,13.928109627750988,13.939027272032888,8.486676268949735
1.133728179479695,6.937429855060294,10.651725361389662,5.502467732296924
2.0329321360489145,9.72554164068945,9.290182087631939,5.198150004687504
3.845093284584866,13.318541807756628,11.573283357229633,2.7547733333565603
4.800715078305834,12.302194767833303,20.57415793247327,8.421401154269827
0.007481448605833264,0.35552025651217417,18.60524151193472,4.3834512014443865
1.3711991833899078,6.538557126685534,21.36313195049802,4.893156204394968
4.606016508148728,17.79885557938591,25.588440213912996,6.308253975617754
7.049512134954895,14.90977488987557,22.92306701891224,7.469476806461694
1.3475070398124442,6.54593556966337,19.29825713972484,5.797375667959834
1.5056864449538796,6.829938367692056,17.61849288477583,4.174980790853726
2.415348250938211,8.714000330121662,15.924727187112214,4.569487347309074
4.90616494678847,12.74433159013995,23.390743344542944,5.502628092900838
1.6102228898749487,7.484403241977575,19.330670901894436,7.190491402723318
2.2125566350833736,7.908256540446075,15.377716547466234,5.69885521071782
2.5924574273148555,9.214052754707694,17.997708407115397,5.115733353764525
4.02044905141754,11.428118947089175,20.74929468400795,6.124931222556207
2.5969501275331885,9.165624869018476,16.13426616422104,6.7291733923227754
4.333857152628512,11.943984108389746,17.88829205332873,6.910879977289349
1.5051425430817187,7.397023550422025,16.28481125234951,3.455901927008225
3.848752054764317,10.348691915196657,22.51366150249894,9.822840515728817
4.722776606797397,9.402768807030082,16.879392473578232,14.550120588457546
7.563918927078707,12.794708463192201,18.80204298052865,13.974735735738355
21.910291702572678,22.54775466816634,18.55287228010257,18.34436331529552
3.8109982120213695,9.68191429087132,16.330708938933576,11.238920459105106
6.5926379347573,12.921052899107684,23.176692824004117,17.749752543392127
9.496911114042417,13.252154934191804,21.404811468174067,18.388126291756166
5.057908735835179,12.097038277492096,18.63208213987796,11.489554096599983
2.5319777628870543,10.511122684376238,16.188512882422724,12.551449555391647
5.690470005680036,11.280714944481643,15.264955805154408,15.132811245975283
1.657797189137602,6.9072920792429775,14.374671687099676,13.663334550439007
0.723741441240292,3.896292548149874,15.866409814958745,8.765855424513534
1.9462973514943958,8.229172718051087,16.409530172931404,8.203366073724977
1.433241700963372,6.002468435174589,17.60740657469172,8.689266486289272
1.489540052486073,7.32371167532709,15.547261828678012,10.19356306056216
1.0319004469226478,5.395935282196058,14.752214600954858,9.334684649990699
3.4140279231183848,10.892368419898286,18.64743859997016,9.429129916149794
2.484649189899344,7.040814067454091,21.157091782373733,13.540701372025046
5.619050276876026,12.614305444549816,20.583375328779518,10.810195614025341
2.9652283057855793,10.301175109100482,21.442636097383467,12.138316187406597
1.4437322201446776,6.565054531919532,16.480676644847623,9.539006874120997
10.96640221399891,18.84247237037272,16.64804858458801,21.150684062249535
0.03294955071477828,0.9548772506334464,15.027597911629101,12.126303469726308
4.54824279300449,10.391101508714538,21.505055092752915,15.02624302754271
0.03593830202631624,1.6954361581174366,44.43615503789359,-12.22209388997015
0.08470001833232912,2.144321793270247,43.354208909151154,-11.662580602975922
0.018195434636651842,1.5492419627255933,43.73323718862059,-12.325464145265217
1.0196052773214508,6.893653625785179,13.561574698134,-4.066494462316268
0.008295192765274658,0.3732887441196235,15.263705185051457,-4.266351038976518
1.999262130306507,8.568451859233312,14.633102691853823,0.0692399429120785
3.644769681850865,12.745512795373099,16.012053567326397,-0.5885347438561539
1.0993070515067163,5.690466745430027,11.941195387053758,-4.227035213017976
1.7197057019791224,7.427662328552118,13.499589356865794,-3.0989663165806323
5.424910326752982,12.994778222063564,17.453912774737898,1.9276137499185424
2.0774729082137275,10.966364356386528,12.511474194485228,-3.1447408510632884
3.24014645809954,9.477574557867941,15.38762243731023,-2.0991116059381656
0.004013124949180527,0.4098683867152918,11.871855540826886,-4.787798900863336
2.8617620628321863,10.024214776519438,15.024042235525659,-3.691036291823268
4.688706157430241,15.257861871342477,15.383120900431804,1.379795688638209
12.097394505310342,24.844642746161284,25.14494257320275,3.6264708995164847
8.288392657927995,20.920052615716184,18.914450784875317,0.22901055741509793
10.258401475571823,30.10139514158382,27.832667525641078,-10.456480495066288
8.952550226405025,20.855156838964376,25.42903398168904,-8.236583235030075
7.42134406589525,21.753082274699146,28.588108460795368,3.3445577492283647
5.278638150101076,18.38711354852354,29.496646583335192,1.753655117727718
4.66422024467957,14.745473887249032,22.48936366268598,-6.226367887671035
0.8332568051085046,5.475927783357666,23.518630332553325,-6.1507234723402044
7.876983231391268,18.51176179971102,21.105858366776886,-4.947150174361978
0.8797291839694451,5.355167780400722,15.904240503504775,-4.4367101573806185
4.393017734570875,13.982294056287294,14.317054732689378,-5.2925781777320005
7.356768655256989,19.045011143418908,17.865150669649594,-6.4341894771743275
6.455369870149924,16.84881233725978,18.654942686445455,-4.782520149170566
4.410002792598627,16.3057094408903,24.682378093041134,-6.213906777492394
10.043197271191886,25.0526575978289,23.894442479100643,-9.839155469447677
10.448048214445837,18.759376766383287,18.528728557497306,-2.695695522736388
10.3836103940055,24.827334828497197,26.423306774289024,-3.085210908585355
4.566609809566538,17.154927548341497,21.51345947425,2.0966086820966963
4.76944283212311,14.615458342012907,28.70199446939701,-0.6072335200013439
4.411527606794587,14.710549495862319,21.06759472901269,3.867470298167315
8.810695379895334,17.636967464926308,23.604989521587544,-3.482298816149987
5.220033331446501,14.519125875704448,28.258157167474778,-3.2209663146190572
4.2336844302225956,12.627947701562693,19.354776917419642,3.0907252249178443
10.851669753645039,19.845725740067895,28.20352255752415,-6.570303963904582
16.290309397994207,26.602175072412496,25.207215132211243,0.48122075451176305
10.801179971966667,23.91197905511632,21.75640286986373,-0.6675620862560342
0.17196154763181803,2.162407351756295,-4.064976070029465,5.420295396803444
2.2666571448573163,10.156887902981723,-6.675278368778856,5.3533690650971915
1.1918308218463032,8.797497361324,-3.3078904879383395,6.073632324762832
1.746147436627806,8.310464855678786,-7.391993153817257,9.645646370582263
1.284439332420363,5.666525692766935,-5.606718185855584,5.953329122178087
2.141717081767585,9.432949946325781,-4.4385103444374385,7.053893807642425
1.630138699007955,9.425937343004911,-4.292602461314237,5.8480148372516325
2.487520937358597,9.855391495300593,-7.65122392874582,6.938395060869017
1.9882548247187077,7.151168051063747,-6.336894247789698,7.055266266789511
3.3190808829904057,15.679857144312594,-5.56029524403237,9.566743773935787
2.264215750300317,10.203384962805597,-4.9452090207226655,8.270286215978615
2.587197136085687,12.329149378296211,-6.747619955414359,8.371776916079787
0.1680082308175812,2.0405072662291026,-5.268737310601531,6.862332067912216
3.1202604832366387,10.81158224351303,-3.3475457471520116,8.67007641685453
0.17376714004360566,1.6611682467792603,42.90894353787613,11.245255741135544
0.6569682648737187,3.9809613895158,42.18971483587624,11.371150719226593
0.06433568643883847,1.9210296692730255,43.00654874293102,11.50868761478396
0.3680633095441886,3.0314456814060837,43.08595470608873,12.278937757534777
0.550082422132445,3.5527478886956887,42.525971428545496,12.009323533216
0.35029476123833675,4.527957138976409,31.53809569324364,31.109381458637976
9.372641113554952,28.99019053996297,33.90835381248267,25.07906146472832
1.0770026393768721,5.775548336572227,30.276280968141187,30.629447896066107
0.5432321183166768,3.2592464516248696,30.582507407863556,29.32577496118639
0.18859675035573842,2.8282577800145066,31.04491860828812,30.89014287788017
0.24065652471932583,4.195370551718597,29.74511631969692,30.84460649627804
0.534627650608263,3.5839283494546295,32.38503385193078,30.533469072871338
3.3624093507123143,12.851564138668193,29.5090899489302,28.851182104953264
0.2035143785587627,3.2328822321105757,30.905282669422384,30.46747779606522
2.88152068645316,9.374049324951406,30.5764785466184,28.09032345212973
0.27067231978694484,2.1717131928987645,31.584820016994037,29.969567862479558
0.10788391879535732,2.2361839241053616,31.26964798931881,30.3071748243145
0.055516511230070606,1.1267970230097253,32.67413439971571,25.64490754953918
38.09292914497717,25.035124107592996,28.39879960312768,24.81295612979387
0.8767056289706795,5.818447251492142,32.24520413288905,29.675843004980777
0.501703350247551,3.7487822093182164,31.750941248803755,30.662684438369126
5.396747401916469,11.073663424938685,32.60770426862356,23.35279246711952
1.504147218050711,5.656953372148258,31.637178447287535,27.335828914572033
0.986713883668043,6.017417253933272,31.07548158261304,28.818409565280017
0.1380783733958913,2.350746315406914,32.26599368123977,31.12556338678375
0.0886528295312297,2.5750006452952934,31.759296078731335,31.38007293834155
2.711628321311009,10.628409037176356,33.79978091883253,29.02165263920258
0.356981025492072,3.7255937152573946,30.90624726744516,31.32603281700399
14.780690028484212,18.869905493563152,26.971409775308107,29.693421235162912
1.1891256134273747,7.392903632764142,32.92887524602448,25.98119067485704
2.492685652186493,12.386775305239077,33.7659358867715,30.42334803730684
0.9140132426042661,4.4538636207166045,32.125973946717274,26.671003200342305
0.0017035169789948392,0.28148134340258063,5.6358221583195425,-1.4349547225751478
0.047780319862021754,1.3031325967337626,8.792658238273384,3.67482321635617
0.11098316639888797,1.9910533912775727,8.637578789708419,3.4181254128662864
0.683705775071048,5.033468946769289,10.424708503720952,1.4784177594566767
0.2810927759435681,2.8577492198401138,10.946738488659332,2.0016350560003837
0.5865996493332153,5.85940959397771,9.844665895752058,1.5127215457264243
0.4794005590377823,3.9007143410980087,10.99952937803294,1.4924740064827495
0.10272129806559153,1.7443985991125233,38.877345595483575,15.332851134957323
2.7802060415296683,19.325496464336343,39.04494623369679,16.159464036365108
1.9158072275805733,31.65570580503568,41.641435801602455,13.726935025956596
2.7333755549808743,8.829095446672396,37.419574238741184,15.204111034925676
0.7918593012282293,5.491132532738345,38.92705538718665,14.822133315903528
1.8182158628674923,8.049409584986098,37.766502382259894,16.450650625259073
0.3286456221829536,2.619876341023684,31.32609742629308,-26.086594969294694
0.5299887062232999,3.698992141670514,31.843152636135656,-26.546495735595656
0.37357358196765644,3.3250457466089065,31.228812943124435,-26.551878639580536
0.34253421451335253,3.2840470280106335,31.423394053219752,-27.068992151185252
0.04436946434544675,1.0108745782776798,38.78553855029863,8.980482941866729
7.851995958254954,16.584831324593903,40.76842630446585,12.037480357748
12.877019932720474,26.019004786905786,38.04731169333566,11.562463913258675
4.145898406005086,15.620486883009299,35.44237778445063,10.508006715525273
0.08675730782686038,1.6925677298774773,42.00302662821098,9.606269023594477
2.510426261949245,10.746554751017563,34.328623182939154,7.707367954991107
0.03051183103592438,0.7636678552916417,42.17252598155215,9.289660180277437
26.47599060442886,55.50135969529557,38.76544158470067,7.507236611273159
25.5631970673283,35.327935329877846,43.33582438950934,6.918982846087045
8.90749900884695,24.26902136789215,36.811052343528075,6.4664493315777625
4.392724491489285,15.624348211528588,38.4415073989837,13.776728264078592
1.6159826527881713,12.137100567974466,10.03677120443811,0.30548389838850654
2.738237707163672,8.668583020417437,13.725078849352343,-1.3266602825103684
1.4485868279385359,7.254662299267715,10.571265916323435,-0.4444547352767772
3.1198961984390374,9.481269511475022,11.19841116196027,-1.653642731253129
1.774805229006858,8.16779673689005,11.106365365985642,-3.0443411811111396
3.5328884991191947,10.524238027579749,12.853855101894364,0.47205440795808473
2.3592041675078264,7.401572466780266,12.61726811163262,-0.8522871738740442
1.8612176301450991,16.85533362417653,9.665314137354567,-1.6047230283754053
3.048714129204447,11.13581153117547,11.952536741904163,1.4015914319414682
0.006063393619351663,0.6784373513569157,-16.651976690184995,13.449244734988337
0.12475759550643302,3.056096896620035,-15.743030008907306,13.385884201518559
0.25292227958889346,2.8924283724094617,-14.928973374710692,13.59938130263517
0.18898333468536022,3.240783889721617,-16.00854694263876,13.507440523594807
0.17349302488159057,2.028941809574841,-14.160274326912006,13.39377876435408
0.14447068337172214,3.440980459861841,-16.401558797303462,13.245395650695956
2.037257875807967,8.47326787471331,-1.4485725106154916,6.803615670826311
3.236681396963091,13.963862525775667,-1.6579781910292797,7.706088398820267
0.787729918517463,6.2285130109712314,-1.1972257865941531,5.560964256934857
1.5122865076377343,5.554465325713321,-0.45058925736463945,6.412756787310396
0.3011839921563714,5.490608267335378,0.06587342175546645,5.821748049287172
5.718161309252451,15.120273812949636,-0.9666582072270579,9.353757390113246
0.7111709258996284,5.011149303403252,-0.820530824850707,10.777651879452641
1.5609613995305234,6.063281820195039,-2.209539873261745,10.396060206359625
1.6804487842852847,12.247931924535312,0.3920350236046515,7.26900173620208
2.0075616256064603,9.604638569428724,-2.415957616747347,5.7527934768642215
2.8224545398867096,28.626278149849988,-13.76656922484731,11.362052132673918
0.034594062405357597,1.886481911709872,-13.571537005212782,9.62665636780623
2.953986939158605,16.346622358377026,-10.658151668599626,10.490027406432896
5.9275683345110926,17.173167562162348,-9.336101830937576,10.583665994510199
2.1169295809758437,13.262703786406494,-13.120961174008952,10.216724337887328
1.8924508281026082,7.853388475061018,-12.01750215506127,11.755715138420488
1.4727240980281864,7.526205206936761,-12.075717910915522,10.669398895736181
2.998246501541763,15.052451121792194,-8.899059960533869,8.437315550068147
0.48556180927233455,4.564627614754426,-14.707094121117605,12.16319565190559
0.0628044407273026,2.0115665123316533,-15.780584413978081,11.876356905097689
0.006886534175566981,0.41244455287984405,-15.610651845799216,11.875643162429197
0.12765055498814665,15.985615307624547,-16.00442628393088,11.311094434821923
0.3967411279731533,9.093663389333845,-16.041737359501248,12.196368023717385
0.7506378563877613,5.225359989880061,-14.11037446501364,12.16291940106872
0.4542255558008759,3.5310291013382353,-15.270250705507861,12.286906677934878
0.24510452868682858,12.662259607662378,-15.186871272524689,11.663935713181564
0.28309837411026945,9.98202814314138,-14.989585552308876,11.329921197558251
0.8809317441257698,6.494974569432298,35.94675365918739,0.6759705872433664
0.1932445148758517,3.156712094742515,35.29758190701778,-0.7194475556683123
0.2903108753597316,3.528163503992955,34.70212444824233,0.7505969683780959
0.1461981481421417,2.944341922656779,34.1935788036613,0.3926361285346315
0.22782843197323918,4.9989439430519464,35.5466295345588,0.785833794298957
0.23022069754952143,3.4674521948400767,37.625491081575056,-0.6004569880739463
3.562840252289133,10.56273822042429,40.2047004926173,-0.4894870020448533
0.3801348687640451,3.4583138508179774,34.36329966493232,-0.5360363567462894
2.067098772438022,10.214982597615577,38.53974274332583,1.0123004936355395
1.7880231369498043,7.511906566007164,36.90624019995007,-2.118776732820053
0.19841861896284224,3.043078821433037,34.67815050604838,0.3364286494580597
0.20930261738306347,3.7706050820679704,35.313638867318225,-0.2885245960015117
0.20912961906918412,3.4204947598958464,36.826352046932406,-1.0634496022226383
1.0294088119166234,6.311510368044949,39.68688817522636,-3.174404019794423
0.1205921423629058,2.0477270316232623,37.31924401503332,-0.520129843616957
0.10683736061714695,1.754711122855746,34.7741054410429,-0.7685120242588546
0.2164934038436273,3.2356693251436073,34.83440020079909,-0.16303285163340903
2.475405550252103,9.157159377409908,38.40621152539586,-1.4884033895156208
0.6825378594782839,6.209376199265845,39.15462276875839,-4.145235342919333
0.7737761629897285,5.422995836431222,36.77067003200637,0.3294438497510986
0.5462778811652421,12.207991729613683,40.788351833276025,-2.0450659221503265
0.4903500226381101,6.220103106687063,37.41210168272638,-1.277636940797382
0.6645974407011667,6.065306423375312,37.78747161417425,-2.1551731878365246
2.097488090697449,6.898556357594169,40.7354608297861,3.439001658738921
6.164625482337459,11.85272104077232,37.56899615862665,2.9783583896344474
0.5674692695230598,4.360326531225802,37.76362484056708,0.1696672077924347
0.2600422104763249,3.123353092722426,34.36545727210712,-0.988686123126916
0.021771156553829687,1.6305599732996914,39.65401696860067,-4.016336090602849
0.20524249960359892,2.7149186356894135,37.032098013234666,-0.8032567818776098
0.05788108030898349,1.6829157491864346,36.86666878396934,-1.2905463811755702
0.6073381287091538,6.590178725842042,36.07774696843498,-0.45732658668510345
0.22995169117238384,3.2332861097351477,35.10946049639555,0.19304349189740425
1.4639306176823357,7.129509173874374,35.573900492391324,-1.2516262635125945
0.07289227002262777,1.5373094131868688,34.96391611138025,-0.6361608990387831
0.26538748142739677,3.642142242893125,36.48218885334149,-0.3158567239145309
0.2709040551718908,3.1754326489186497,36.955739798505924,-0.33650642406052467
1.703275525923172,8.087994431285617,37.118202714190836,1.321485732922519
0.28418724414736857,2.9527840637269076,34.24882356521871,-0.054596583318937915
1.3971655932046845,5.584926429833122,38.41669503297415,-3.432887093262964
3.1874741016119863,10.858755552828349,39.41762554815562,-1.5247775506246073
0.20873479896996944,3.1054456750829393,37.871797340433524,-0.20405970626692366
0.20036285713868848,2.5268120110981664,34.95806639953931,1.055991338980359
5.1856265531326535,13.910989128037151,35.433276918699875,3.265286302580487
0.2785539310333716,4.025284011719085,35.32312820600987,0.5280799225863684
0.04535253676330751,1.4603402573904425,34.72085256150064,0.082198100213211
4.6038970251574165,9.929784112703409,40.03406304392965,1.81058954468714
0.773021567469229,5.371157080738399,35.2470696819428,1.7306663855424231
0.18479917720196404,3.2650000723140207,27.91716222814807,-29.196251582106505
0.1653673299261817,2.4391737635304804,28.563854624649014,-28.802952347177666
0.2609891949874999,5.280798268581473,28.264285499317673,-29.018020542220974
0.24729064711044116,5.4410939528763524,27.518160331158274,-29.792135841619768
0.3507923080840568,5.047565590689255,27.79843853178638,-29.56468597244666
0.3218091044433025,5.840105913010865,27.80074547141638,-30.06998286014078
0.3868444464922318,4.3217328791195175,29.031461372631124,-29.219875603569186
0.19839399692554616,3.436721870419831,28.738085267319068,-29.965596452413457
0.2781683040006896,3.566379918392375,27.98566100084788,-30.36010491058513
0.4498364156434603,5.958287590654318,28.594117105245687,-29.570113388876635
0.17241161565440888,2.3640244016339698,-10.815444532158406,6.698632753327858
0.6860856256134322,4.437715599319079,-9.646706768554958,6.94865153027448
0.7572190651760311,4.802107569759671,-10.310649809418724,7.3967292156690725
0.4047842205743556,3.5140168972091876,-11.035373912273826,7.093505236338507
0.6112290355437734,4.874943059521485,-9.814847928107854,6.2178678640419145
0.8373498529858643,5.912878295790519,-8.206300844164524,5.939130374863297
0.3007802272270503,3.288296873574662,-8.186622357470076,4.779776764013345
0.8410212759315298,5.59919256025186,-9.865181636672013,7.978003769934477
0.229673297060971,3.2404052222306077,-10.20874434677721,6.514745331446314
0.17869616913918615,2.7933605677458195,-7.76482165842636,4.72877930290079
0.1479370516945536,2.808026432770906,-10.548047803591244,6.5419316597646135
0.9732627062971504,5.46791108382872,-8.772659347960706,6.803092890096606
0.43156147260215205,3.3557944256801444,-9.386645974315291,5.878730277493887
0.5054596601002577,4.271680167384204,-7.872400444228293,5.287212887921102
0.7642857472996223,4.606317390216895,-8.814852732340615,5.347509176029967
7.749455485571677,14.353196972797994,23.977810751641016,30.036141242272407
0.8159433422149287,5.091802331480389,21.806227464694196,32.16663259636056
8.029399471733626,12.788398546575767,12.957657791959273,30.324064974679892
0.1645420997172971,1.8426914254218396,12.985138268306265,32.47233831935843
10.191884670587287,15.002361741877634,17.113658685285735,27.837135418539805
38.098877728782796,25.072452089446745,22.193045813964158,23.791090765232042
0.9604429657077934,4.748828259702783,21.298477831712,31.970769904776823
0.7874690031325546,4.5949997791813395,13.998616721508984,32.34700722457972
17.947740493704654,21.03765872519407,21.37330966036623,28.814812413725516
0.6092810425588955,4.149659720831675,11.925543967761437,32.66724412908766
0.30708209858494984,2.6962184164157508,12.566295984871692,32.47153215738756
1.4587823384533092,6.398687089317009,20.593433950979684,31.69817426678627
1.7649625351873794,7.002289159425862,22.576095008384314,31.953534184351188
4.7056097633118865,10.408774090994873,10.592156125217796,26.047214338121933
2.679682426191769,7.568332275450249,14.519341866449167,31.469570696429628
23.844793641432386,22.513248371618737,15.58828767365023,24.618480740511455
6.339366839445866,12.435928000145017,10.872851294789111,30.26629830093565
1.5616733806659915,6.310328991894279,15.008223326624181,27.085499774893727
7.361683855395229,14.541237055903094,16.88536373974767,30.096547643207163
0.23410444913277953,2.704832729952007,13.371257166423048,32.67209638165594
3.010592522999861,7.459813756770983,12.775602842940094,26.4008741235612
8.581206041331514,16.778617071498527,12.787046881678663,27.95234177582268
5.133808533419833,14.002661289260804,46.804676927414164,-18.935852901758377
3.667517544001663,35.391499075155686,49.41351412515559,-13.869271296348082
8.80701547294845,23.481977812523468,46.86230787592041,-21.856236448561305
12.842241651291525,55.490169717318224,46.684670394746306,-16.53699111961411
6.074121091213031,28.85550297694139,48.75108383089956,-17.822872729007347
14.413525702801987,44.60906032898624,45.01750093154684,-22.60126035862772
0.17925320965871774,2.0358715340123146,35.056191100510844,-15.036430710242264
0.17083128733961458,2.206966482483239,34.945340945765075,-15.670063372592445
0.4123949270798039,3.3518966832966313,34.70894575519816,-16.164373958982768
0.06407169833730843,1.5273829231904839,35.2134721706162,-15.746220188232584
0.33672668753369933,4.864244175836041,33.48639055284076,-9.95158505958864
0.42839142604824326,4.687159172435212,34.36644909781361,-14.15803384571901
0.2558452886516633,3.35710833793343,33.78736590053734,-13.569285066639566
0.7216578072562392,4.2970163754350414,34.09101399451977,-10.079709512154187
0.6687783414186566,4.855729060089817,33.38545400474431,-12.984019352088577
0.0017788063823856756,0.5599356898264544,34.71541152813938,-12.060564870302638
0.5231256262899888,4.5132062301824085,33.68433478859298,-14.018402527643579
0.32581482671268674,2.9029474381437863,35.56794921496602,-14.943467767280126
0.7587575156151458,4.085732687249418,35.13732720949985,-14.262416385956797
0.26252094152592137,3.3174898149779524,33.056266544464314,-13.69128930298565
0.16850488280161585,2.6081857113830544,35.50936489630758,-15.937301969345828
0.0627372168583581,1.4820486467149236,34.51886243463861,-15.665245083889975
0.8588021861285233,7.024137679363274,33.63970419432467,-11.787327308041128
0.1325823908078205,2.1768153321140926,34.6957673216488,-15.45929366211561
0.9457224532326952,5.144631247887966,34.296004330701656,-11.606146754314313
0.6538048089221477,4.990242307147328,34.207690388511885,-12.811120919647411
0.16341839496602917,2.792283780874222,35.142988552735865,-16.74537383072857
0.2727879758129228,3.1416624067171717,34.714256830658314,-14.810619865472425
0.1434953458955511,2.08453002168074,33.91841437726721,-13.297744003117895
0.12181124505176409,1.786149921540557,35.69125258358769,-15.667032453161104
0.553088749491502,4.1527792069975975,33.9753662397246,-10.817311763883227
0.2608869964177146,2.5256371806170246,34.4306193616935,-13.705684868569268
0.14072781789934952,1.9382738709290102,35.14456317790637,-16.103968012345135
0.259655707237684,2.807536907630259,35.42695315448611,-15.398793800110049
0.02031682317453909,0.7252386703802719,-7.9791345490110155,12.611017418678347
14.910850885488484,18.848628008183752,1.3481312871058488,16.793317432752335
10.187404114611883,20.075229931640855,-10.230415775938184,13.872913093025346
12.494234252676291,18.259094976097245,1.143573524215172,19.47395567410515
7.589749633447219,21.56369973654077,-7.645231383139651,13.625339195074904
6.832431492783716,15.890045529940345,-3.511409454368297,14.705152508434775
5.143293671638757,14.292802304133872,-5.6978492457470855,13.811434684920936
5.913625061008961,19.70961379717583,-6.558964230589846,11.432507489674862
43.46717228553654,33.52787198208112,-3.5708294890106047,20.05275049846737
19.30439395116721,23.290683223130834,-10.214544239231147,21.016495110549823
3.038092871530956,12.565117659653563,-11.53599762042571,16.58027373240861
2.8216002110942253,8.728935628121556,-13.403564116289271,17.247703661877523
1.5174719343023586,15.729089336395925,-15.981082110630677,20.824740414619168
1.1648179775170082,6.5985866742113295,-12.835993036815434,16.006480091706155
0.8998100510468819,4.564422925800228,-12.12558367742936,15.376999838011299
15.93793018012447,20.809327732853976,-7.090179218341249,18.193701422011838
4.256743826533183,9.96494002548797,-9.832345292266398,16.565425909016625
3.859340114075446,8.96068582196795,-15.113407724559782,19.991809253445485
0.12785158407061237,1.642205764865175,-15.907199148236778,18.14302342312577
8.121146067108413,15.338597155618947,-10.39353556615089,18.573082768185877
23.228583285317367,24.237080516038876,-9.68492171015759,24.194402042490488
5.863625099522607,13.548119145316912,-14.844382928506933,17.92439038679909
0.002100393543793681,0.5023402141208259,56.64287397596309,-10.418363281063467
0.02248953921787726,1.4111674152309315,57.406479964483815,-20.330432901531577
0.025822352041234654,1.1984448835906385,57.717038520208646,-20.229541370987004
0.02236817686706049,1.105279382249143,57.64962926864239,-20.39774534408852
0.020478117500342438,0.6937833977772226,57.58434531652355,-20.250745745369628
0.015794607956068015,0.722702637597434,57.57249247728706,-20.104385910923938
0.017318810412341432,0.7801103270132548,57.499239256071554,-20.319270417490987
0.0035734498834791655,0.35839160426790745,57.518610168732685,-20.168409029280326
0.013511941524037733,1.3385937247092616,57.65485636278829,-20.054334011768603
0.009811152166722131,1.1370452125487638,63.4205267735555,-19.717529618878647
0.000577283325386291,0.8309901098932658,59.587311285601075,-16.603054480652528
0.021321957918523794,0.8045100490958798,57.49895014852867,-20.465893402002095
1.5969011614548643,8.25095032027089,-7.162019088384382,33.02416568031601
1.3825660089877676,8.356148912566557,-8.626215888093732,32.50138029603904
1.8732736507282741,8.399473965374296,-4.222417095615895,33.45858283084694
0.859914872453773,5.539505090404156,-5.946391346936477,34.51476796233259
0.08510597297193156,2.5073352375693427,-7.577243705465861,33.52025682134735
5.958881290675831,16.229759462927692,-9.185232202085347,28.80873468014395
0.5260475224589197,4.3908629743141345,-12.234458717858764,27.866698589165114
3.078303813092773,10.784747198514912,-8.35348255760136,31.613751685962185
5.740570040447951,16.57521558324614,-4.8065516479698465,32.03529979619617
5.79476176579604,17.900766771206612,-2.567057379258303,33.43933518831788
0.9742731612368108,5.256488565196823,-6.370563576423942,33.70423904778715
6.773569075105617,19.790638138366226,-7.410024587306617,30.47524548396601
1.4886479215122508,6.060024332270675,-6.438846123279321,32.12657528148487
1.1694220479317228,6.427719509679906,-5.427342840162953,35.23799570770345
2.119189697019284,9.481212362500045,-4.105333983515372,34.41946509141384
6.467444916678585,22.316859655630196,39.3666712401287,-12.458620457141617
6.663405654036505,14.563542802394107,32.80408349684282,-23.320472063627328
6.044072290891246,20.809411125633936,34.51464613488247,-22.808879006139716
5.365350722123105,16.98997015547532,33.42907821130038,-19.020472882166104
0.06319253916878191,2.614464864664275,32.55948766163869,-25.886910781306185
2.0570334461232096,10.582933403360075,32.45011451919498,-25.527591990905425
6.56765772164418,27.949560913134974,39.247794145039336,-14.964815854612317
10.772340765356246,17.056284435003956,36.465100720906264,-13.060493278439704
5.843709577190148,24.46741474834338,34.675341084914514,-19.06197640604019
8.491133192086462,18.91632899510503,32.768173715676525,-15.51668265031149
8.722464320259077,24.996602931931342,36.98316268252394,-16.65133303521543
14.654895223867298,23.458643709956515,17.616060049235386,-26.973439530206786
5.565910575302258,13.951705997968796,15.22795102865945,-22.05386807095154
9.775240701844197,20.405084188914042,17.396460290186234,-24.55147782899531
4.161878055729165,12.600453990410628,19.749602161627134,-18.368963622950726
3.2634910016473975,13.993729811491637,17.152838615292982,-22.916042940580457
9.904822738680211,18.890970730831096,13.927533491020826,-19.13440812055663
0.9064457574837154,5.642431208247669,16.812668238385513,-17.58485454349676
7.406818458681945,14.052804206901765,19.465969873705347,-21.88995221444047
2.2731270568405715,7.307986276482421,14.894718372506617,-18.278749118632547
0.7399517226872886,5.416143184573282,15.722775172930437,-18.432348442181272
3.307595408780535,9.20326274747035,17.004529414117865,-18.598849645945688
9.050252461623018,19.713993960423867,18.17331518183892,-20.308378332790124
1.2238436832422233,7.489191258833073,23.84674619342886,-17.86271232935488
53.679014890041636,32.890322596336105,10.517992357587216,19.485416414471672
12.3414914379402,18.335225761533707,13.21457556667396,15.860426509014053
2.6237684045184317,8.990156699800249,3.5418201519411103,13.198258364198207
3.2919787386538335,8.422677106341323,7.299178276751605,14.1161530568401
0.03341352727731263,0.8686137423679793,2.1275088381434966,13.530810391393876
8.972469544303673,14.202647579340317,5.227257350758248,15.77673901812384
7.588234514998769,17.13689810215307,2.187691262095677,14.184121406895688
12.248072669329224,16.56133509712665,10.031360219584736,14.986971873021437
0.38548492321404554,4.198995063725814,7.509135765865909,5.451793684832481
2.8224740022712047,11.6549922412751,12.44461274564809,9.34400318216806
0.5492009354887984,5.6627880406988185,7.838176699157298,4.912295098409891
0.3750589979922049,3.46483573524153,6.930591544080514,6.208220958734439
4.055680146647436,12.903333748591816,9.988410053561601,10.775640403863173
0.7959288808806736,30.67420982019648,6.105268248669244,4.767812969461739
2.5653013587017996,8.979343613276335,8.758107693884547,7.324381316102307
5.9258008383413925,13.27423631937042,13.176437657580433,11.89428607472441
1.7395820593979443,7.6963006035163515,8.581300513837371,5.856440859052741
1.3571387107350248,27.141332268920912,5.968216451476556,5.712264242776854
0.5057310669718188,4.031521514384099,8.002217203794922,6.265299303124791
1.6019005019535564,7.455592412567618,5.904809714563403,6.624212400932192
0.4291999345048556,3.19866848883935,5.313143041603172,7.702917744580308
0.6297509284991708,4.118074243472687,7.421035139354349,6.534149086704202
0.6042611322482236,3.429371947516807,7.141681955047578,8.861415756490365
1.5019071551893837,5.521492821432435,11.244600272602606,10.40537312907724
0.43338524349402446,2.7130428686858443,7.046854335280558,5.550265142902672
1.993898874075173,10.397413675313548,9.550489078157266,12.216098402535437
3.6584094415758437,11.560986348123961,7.706192108145382,10.355476188718693
1.6655302535527559,7.285700419780723,8.513338298136016,11.736130179084238
1.9704921538757523,8.767106136951178,7.630834127469177,12.37258024638786
2.983549922273364,12.839324458484079,4.500704794133536,11.766240585982521
2.372239300133375,9.65722313346981,6.696041999530373,7.716356482789385
2.912581938119865,11.780510816391073,4.372564825389579,8.982546250687015
0.309403308325024,4.464231343366963,3.5649471760246394,6.527058221955929
2.1619537903450783,9.149876524379867,8.187252579775059,8.498860987739052
5.855432574560021,16.977444623041738,5.601163648263277,9.935978637302151
1.3169689506779882,9.034757321843454,3.467048429737567,7.001702311956305
1.1886149058396944,7.971322367018241,5.156999899202992,6.908721983321457
0.7529342004419618,4.379679414511228,4.536133448945182,7.53471706139656
2.248033791299835,8.15099780153221,3.6188457394023485,8.143664023370544
2.269142594833275,7.886342361681047,9.547155074424024,9.20989531831497
0.6957932905024053,32.95975681415844,6.925185323725314,4.860419853372224
2.645210898578771,9.630956497078396,5.317572021791789,13.034913347121154
4.946061175237017,13.977423310078935,10.829578328374742,8.033708539786906
3.786752893743072,10.284303384360985,11.443025552995028,12.29732174470459
2.866865064788359,8.400634462224774,6.2617319664478845,12.088472334971664
0.06414051216914331,1.4327565748556925,55.64932171622828,-21.096329414946307
0.036646647361451574,1.1998623529010095,55.462524007143514,-20.955396791726944
0.0404536107153955,1.168324226615669,55.33132151857295,-21.1092346047704
0.07722809120624463,1.4841907206691793,55.574585180123044,-21.2611673187519
0.2646634328602581,3.348368329147195,29.88432609182428,-1.6089375541903717
0.48439251188653926,4.511114106510518,29.68695711941663,-2.36819729773514
0.7694553278555201,5.734634886196627,30.45995957396986,-1.8468153484687935
0.47709860167136037,4.995696457565616,29.308196015283485,-2.1000817631700817
0.05923654818860178,1.5829457021401383,30.121955605866333,-1.9366376938499714
0.01172432802589889,1.1417642313775402,7.396928431362265,1.6145387589499445
0.06970325607002575,2.1267903172249434,6.602042015389663,0.2382883436141491
0.04750061407705017,1.9061226418220187,-17.265417547831856,14.754650571532814
0.4081968956121693,3.6537453799879707,-16.120611684236746,14.780962498259328
0.5734713237466763,5.997161739872665,-16.347289541435785,14.156330974002937
0.9481966991213837,4.575920247360133,-15.185720446090945,14.21909009369963
0.45258224838080185,4.374029647547318,-15.932601109141899,13.97102209263987
1.4092824219969085,7.834834654341613,-12.19491309483634,12.843418777740848
1.151033944806055,7.098235678919445,-14.416624355555351,13.030193114673162
2.077615106130512,8.098482717421644,-15.541613608568415,15.426566813427174
2.353975589254357,9.042379888562008,-13.727583280052533,15.143359005687211
1.7128828961787765,9.726912760682044,-15.000572703654658,16.175570057575467
0.6126382315326497,3.4615461737189337,-15.586911725133525,12.893239122716496
3.5835742633818883,13.58384191560948,-13.225081076094321,13.891979447894599
0.557485405364258,5.158485794786282,-16.754355428742013,14.831838125055139
0.6123409633789413,3.7076273566153906,-16.37396661034693,12.779281961836915
0.00019327857434300408,0.07548959150015036,55.51800381631686,-4.689417909330562
0.0009454722550577341,0.17509725537083437,55.49181224277173,-4.71144229056801
0.0006548853856540171,0.14059227331540194,55.45493448399395,-4.594172241685095
0.0005796665847935581,0.14396636173940405,55.511660322949275,-4.7419069120717205
0.0007716089782983142,0.13345368972130306,55.51346449612984,-4.710058863976785
0.0009701824162775766,0.20195911761914892,55.487115112320055,-4.752589141921671
0.0022450800162341004,0.6223255662757639,55.736150808576404,-4.31280617587695
0.0003361878855968525,0.1142975410860251,55.43594225623515,-4.6096563810394615
0.00040968736510558595,0.1294811798296178,55.44918427806101,-4.636125888852785
0.0007626829003376547,0.15304197342177775,55.40773234487957,-4.62731735960366
0.0009495212960419498,0.14823842222788947,55.49170369773795,-4.670568581984771
0.000194962092816356,0.07082725163261201,55.45649344867955,-4.613663213640506
0.0005862805312408543,0.1449294247778311,55.44463295350941,-4.575368824831177
0.0012274852502600609,0.20695153874076525,55.46504492936488,-4.680161164997461
0.0013783211047760726,0.337520381860688,55.71534055831026,-4.32892120185712
0.0036004228745158996,0.9932628810990207,55.51602804844366,-4.394505770953418
0.00014204642979135808,0.05783628560567886,55.469991132114245,-4.650436670040433
0.00010303442005576132,0.0401476677901434,55.44671870183271,-4.614269146884113
0.00048371020868185634,0.26630271254691357,55.48760597891197,-4.622506514411557
0.019327985665222383,5.444206613688431,47.68643397558397,-9.15113808624132
0.000299647771787331,0.09623055240601813,55.46080065467052,-4.6506422628798925
0.00040237034945210206,0.15616954998289212,55.51980061310081,-4.67594297061447
0.002198831912680648,0.497542640333757,55.414452836836126,-4.650608367622028
0.00015917293286644513,0.11071292999429486,55.473568252931734,-4.641127314101506
9.29430246655807e-05,0.05102148282225703,55.44008912050406,-4.623542599147843
0.001197419926850338,0.23903754788485568,55.514141857197465,-4.78336575778249
1.2920690964130201,7.079576186558612,-10.982042181626893,8.227069971497833
2.9619788018894395,13.95733865213133,-11.980209991920457,9.137292208835285
1.6503261068737205,12.762790798699895,-12.03517768807879,7.77975426369802
0.05889116706853343,2.3600482789659822,-13.10451971196049,8.337303294202227
1.3459381252913862,6.562488792522816,43.378183030576444,10.564436429881505
2.094293292090456,6.881183899432105,43.94748849599002,4.2037336036983515
0.0171428978041769,0.9667429231278896,45.42425127980374,2.1091248182109212
5.630032657882696,15.183764348647369,50.04870246220727,10.219825450760466
3.573450126931212,8.084444697315186,43.56644195140215,2.6530141985910887
4.0379578757840475,13.696858420826386,46.78310013023867,5.12441200962916
3.6635637915898753,9.0281267054365,41.9751455488764,2.887436022093943
2.778234058440715,7.116418602001185,45.47562752241266,4.210158701254167
1.5281278771255964,6.406303352707334,42.53793294605032,1.2251927236238265
3.8772562493528224,12.319000028052924,41.802580786327255,0.09213534927191334
4.774397115928627,12.034208851637423,48.151147369272124,6.377827039672832
2.255348006470979,8.11634438566253,48.9117886176584,8.107330936527624
4.446471126782011,9.820695268107801,47.68233571896301,10.304553722493726
1.5049450297967977,6.638340280655053,46.01033962023223,3.021458439454056
2.086458131873964,8.91103341163425,44.32605649518702,1.9039962681990816
3.1269641373891024,9.385992596916688,47.54038027715996,8.968533806613513
2.8052984243454215,10.004344101397276,45.716420811793355,9.091303064580321
2.301125631535088,9.189488590047054,44.5653990803769,9.87603129097359
16.148785414744097,32.13327066130115,26.446553974396224,-32.15364604895194
11.979428370874137,24.249881704400934,26.867264203416827,-28.614403230466532
1.6403819213084168,10.967422948322442,28.125778981773376,-26.106146937713046
8.6166937290219,21.99302913332293,30.72670577044293,-28.728062295304
11.141411745565659,21.86005607641692,29.28976310615963,-23.78533526330312
6.88975736638068,23.64441757129472,30.29896469198317,-25.87362435950119
9.477823862494759,26.09239122661264,25.51964814074236,-26.268135460564224
34.694078706131336,48.6358819485946,21.40248344037741,-29.453408495558886
12.495699899617614,42.02003907681527,20.615340060955038,-33.01441177775443
3.5608687605301017,10.88687975271193,31.19519621817843,4.766823867791959
5.641221829228721,13.17877026552045,33.5192236533998,4.9110512788402705
10.009400724768781,16.079763148577452,32.32764573722877,7.378792851834598
3.514209705587523,10.675212425894365,29.924609031292032,6.648737201242521
2.6458205785729967,9.211782329176568,27.138863413356145,8.924715270097062
3.0028564986193738,10.610871777641005,29.88578341989538,8.926421189271045
6.368242356178561,14.902149825527985,32.7958990903004,9.888035633114466
3.2377523566107285,8.966066429841954,28.600613029050184,8.019714326355391
7.019659366218538,15.391307706133547,26.099768519651104,8.24865000722876
6.457510945121224,14.911677044166314,28.670385514278532,5.548497318831717
2.032330250748328,9.146682119935342,33.345359477382516,14.582343018822149
5.3640113872639406,11.872779145477958,35.22083440932181,14.171112206358838
3.0657761911259915,8.851687112792128,34.12537866746665,11.268473730407047
3.08486034206201,9.539533075086405,23.43872400160971,12.345280248120309
4.560946566576438,11.53359563684719,26.443535647949545,11.008185135120883
3.851387335284229,9.82174287913233,35.75077515402087,15.98869069362349
1.7837255096215936,7.059262344533424,32.80179654858641,15.843679159871616
26.825144503169668,27.480899211015405,25.5613865958834,16.210033305566547
15.80644522814656,18.475698831594375,29.76498703195744,14.85324317236513
31.54698129457661,26.02743884364114,29.353291511832182,19.56451940692186
18.6792251031681,34.45209027179099,35.698972483316446,19.83255861667722
10.785401953903081,18.027021008138647,33.46010502443835,18.355369777968644
3.358617846829795,10.75417966102703,34.05314924559245,12.89621931711416
6.461677609719211,14.016291701596739,24.459535324017306,10.876480735937067
6.574389726727547,11.289105862048268,30.822271740800215,11.291603363432316
1.89245878229726,8.891836466729712,22.62854219768089,13.511492168797151
9.371092571985356,13.807017963714143,28.40530920798958,11.76198174135176
3.3373166842608897,11.391462822931198,32.35113259419476,13.405799962535015
3.0964481399492327,10.372894242474096,35.92294331034576,-2.9699797095674905
0.13411116782373964,4.020794348965933,39.26343504325248,-6.888153751708797
3.4191060789207106,10.176718368427252,35.922322058990495,-5.929160784294678
1.6049893649810814,13.879664864968714,31.899372379342356,-3.3013190906705865
2.990884912593747,9.703054758756616,35.47600923153624,-7.803294925460567
2.977877282653957,11.338368020313123,31.45392019260941,-1.8803861457562432
4.012907771096557,11.923932710919944,31.32296562435891,-6.418734813536379
3.6161399130432956,13.601534968507321,30.402827288192256,-4.7643403469168275
1.0750814271247753,6.2834094777851845,37.64042043694859,-3.762672354968354
5.360845437701556,15.984488165794826,38.40694617562374,-9.480658483612581
3.806040291050733,13.398040319599339,36.54503288460991,-4.531523458282085
2.487935677832224,8.27118567046093,34.07755484846684,-1.7136297367963989
5.062485558315366,12.688606259080915,33.35152931498883,-8.22822170596673
5.751514533666685,17.074253060346724,36.989146816933,-7.922830033529159
1.4848590728393634,9.58876708743907,39.119545059982016,-10.777825957511594
2.111408966086563,12.431527091704867,32.82072222815341,-2.3815837295413
1.7553500815468546,7.374713354795527,34.714353712145716,-9.454853210472756
0.04571500559534006,4.232537970928459,39.76967882655335,-5.039722013368879
0.04031032107718918,3.25987710263333,39.733422929224595,-5.322730643492874
2.668208977991389,16.76175769176583,38.66194501399448,-7.269476571553876
2.3079621752495125,8.102196117731024,31.356081868257927,-7.952032580875945
5.213325534080767,14.214038320364367,36.24720185326029,-10.729045225454959
1.3369705386981983,9.153512524678964,32.93682290346283,-3.7543408899008663
2.038600307231586,8.198317303240223,34.2769836277228,-3.027995888941336
3.9644148904477166,11.564627965933374,34.49615905600209,-5.7476547258601425
6.158730719969772,14.345139316667757,32.82018705111864,-5.266038401883889
2.2868873742517994,11.113569856826764,38.28187812213008,-5.217995986541125
0.038832286931859764,1.851535677993831,39.28750426405437,-5.9189822953518325
0.07343918704602138,2.3876085341746753,39.423713176268095,-6.24139041008274
0.020137423398561987,1.517803777608605,39.24984868259529,-6.174431351542577
1.088025549910179,5.204013955220439,1.0716710323432934,8.618310295472643
0.949478650897297,5.6516784484113956,0.8707831895411522,9.589755825280896
0.5116116845619079,3.7730618766477737,1.2789364405965717,6.494730238362547
1.4129604010704102,6.23001064859468,1.1298275545342922,7.442121615448616
0.7199424974094111,5.025193042570017,0.45869256436449724,10.581387577873937
0.05503464689705686,1.6072510399352424,10.115383388159923,36.96707187612144
0.35393448853609794,3.6004290970971278,9.318407831348182,36.69879258208919
0.0697906743102092,1.6959671484428347,10.21031524611024,36.64534591717997
0.34308034328511194,5.338250180391052,9.602932470095924,37.08769539816136
0.7269045238003226,4.393144272852658,9.786944353717995,33.791758192623774
0.7247868011072773,4.439752798473042,8.783803405425306,34.413076683989104
0.307828309597291,3.37617046167162,8.705853526467754,36.64172460524642
0.6586233333172263,4.284658169759085,9.858684741342316,35.62316744980587
0.7976273250922252,4.44677227909074,8.75065007368642,35.23432520836736
2.1185750383970268,7.089862505866495,8.887894015160494,33.296355064566065
0.5033797254268755,3.4012056403989237,8.676926876810567,36.04660564313506
0.29095775579060396,3.898209875590791,10.630810730027038,35.33882907451962
0.10207978056335161,1.747925035630442,9.83507549223587,36.80527697016061
0.836013384582503,12.474615509397424,10.897693405874131,33.162105318149045
0.0982867506077403,2.306216757107268,10.755327623409752,35.61700257078068
0.28766458241144266,3.9693486939362783,10.713727912739603,36.69417818316563
0.7118814864763179,8.18025038837825,10.37924588502551,34.77588802854018
0.728026798901177,5.043535879702138,9.533985170012526,34.88226951597678
0.4698221192264239,4.423914499803496,9.32876124504316,36.06603207955604
0.2674474390019713,3.285512386998875,10.400976081015623,35.894783722567176
3.7734312597654998,10.780393882015204,9.949376315034737,32.00447627627045
0.5991784264364335,3.916035091444914,7.990914542165517,33.94086783596377
0.027299774252467227,1.627947962818836,10.157609908865656,36.81171740665222
0.28675525456595147,2.676135412583654,9.99671962200317,36.343079936245736
0.2512305510527087,2.56549952939428,31.768729512829523,3.2286207751372413
0.5301890124396371,4.136428307907242,32.57184222489258,2.1193744546508713
0.45309817306909805,4.530824099118939,31.101864543790565,3.0563341510275324
0.13107691058127735,4.891469557982945,33.79443088983486,0.42601733406631626
0.16635584779869989,3.276357336690654,30.22430510559279,0.8696284841508819
0.34923806196714485,3.231964793188646,30.141373919144883,-0.4175615751458972
0.059790954716807135,1.448499651408811,34.00603587219428,0.4211386939609874
0.9640043101034442,6.184808753993656,32.052687801412844,2.7795447626379843
0.29570616252724585,3.5867427350523866,31.15499885090933,1.386015969805168
0.20178806583420922,2.9471327092327115,33.5272470688969,0.7811583040561951
0.05656577694012287,1.4385318959241742,33.210532459418374,0.5744747091257579
0.14237076177422267,2.3377389306241847,29.97625923840387,-1.2214651321483931
0.1487207331907668,2.7519578773230577,30.29011555626262,0.5975859354474766
0.13204899143767715,1.824378369783085,33.22205680861335,1.7610836546445459
0.04034249928526168,8.601941469194907,32.28869258681886,-0.3725000254297018
0.014745974658996505,0.7604047416575298,32.59300521353191,0.3224521989827588
0.34994721529340966,3.4000231018548255,33.196232244214656,1.1090487481120004
0.1942770849132031,3.149465724316312,30.49392464936294,0.22760577361974507
0.1060413404996111,2.6286173096901773,29.725998293974623,-0.8143641686428753
0.14067514916838028,2.225877105809525,34.575682943664255,1.3680824130969205
0.2712746192407299,2.683134218725633,30.004093807660723,0.12036798142411173
0.4078711943811014,3.3131385935287327,33.85630790478382,2.018752043039215
0.13849697538499792,2.4327764330096113,32.89064820106688,0.9760343356565135
0.3443711635285977,3.359124989876396,31.08017519186036,0.9444806879593637
0.3284691612183866,3.2419138762441477,31.76398359925719,1.0142090814346314
0.05834750621351898,1.4233147049603077,29.68262189724735,-1.2198710349430035
0.7778265989257642,4.408729112989543,32.953630705486816,3.489496200347359
1.0806486292810835,5.9677526065027315,33.96350012623671,3.2988561943438905
0.23144264767595282,2.390759791609166,33.96842690499263,1.4409907374949809
0.33289282623656946,3.5295709236231607,30.80675362313391,0.5716253764654267
0.2591750198507562,5.041462445177247,30.97393709950265,1.6010839197986078
2.3075415693251617,37.98499665078785,32.96136368550628,-0.4350657050020286
0.5883295374420701,6.166755949005531,33.07373879480385,2.1149829042632082
0.4627597743446221,3.770225793131966,32.32973519360909,0.965958010770296
0.2939648488109854,5.06159709678072,31.672050677354353,-0.29152482699635895
0.7066318368616304,4.698152307871438,31.81730919171329,1.8909198871056678
0.09132673797008611,5.706735282124124,33.50449500879176,0.372383810529422
0.11145994977283116,1.7928958887546769,34.296592768342826,0.9692260966521533
0.8148139033213967,5.618707950473086,30.7828000387005,-0.43410219310046827
0.6925504933524633,5.267786542129543,34.39152786724765,2.5045190038586362
0.15113814156317323,2.116014957917785,31.671285502010615,3.5305624128766513
0.2680937251125975,3.8984209275691795,31.919417626648993,0.16220378134223098
0.5037051852722063,4.435847170196284,31.66750535074696,0.5020452325879634
0.2771201854393514,11.886467719460207,32.925082211373955,0.3611441802479894
0.4728672880357055,3.9825337974981116,34.6500087049368,1.8655297874063628
0.2854007484456024,2.8290288973543496,32.42471411219324,1.3549075180236132
0.23505483693329798,3.191343653319133,31.158459356648226,2.4807057187462127
0.1669130140900136,2.3799975887157996,30.275903051973007,-0.9388834218048914
0.5580011643593569,4.3855059565629055,33.113599867343694,2.9237157014834083
0.16222840521987933,2.01465729645806,33.80661328709541,1.1495861092523791
0.34476721347816264,4.080241775049618,31.394294489825008,-0.6318879392960507
0.12348660292329428,2.688912412183723,29.88923972165454,-0.7053150156037862
0.18835221632204022,2.521805281273416,31.339645235604152,-0.023170777796319313
0.08922061078937515,2.155409551538195,34.34404262967746,1.296227948911458
0.27450576974087254,2.6453208284624723,33.46327470083332,1.609668160061448
0.15028300875153597,2.137855904460962,34.02857679775774,0.7838498382565093
0.15670501877676257,5.202730795001785,32.447705980889516,0.3356385248421065
0.18894394870564424,2.197729529708295,31.287696940997193,3.523789485004289
3.8867987543861164,10.638046066619784,-13.461766393254942,25.175539565290535
6.077189062506118,10.551359885604876,-10.493281020959,26.808965502121424
2.754018449238656,8.782147257708461,-12.99954046295591,26.59591008506792
11.139922383941755,20.321159953583887,-14.495047316178523,22.869936959190724
7.9173367869714175,20.651650689043425,28.59922430543346,-14.178987073431289
2.6176899908373037,8.146191561533913,27.846837352591308,-13.115215473758749
4.222015163154187,13.453027850017705,31.88283639298059,-13.600366461121169
4.070537084105662,14.800073574953844,29.21156740965035,-10.69635651711362
1.8582836574112378,7.395642612280645,29.21154483435202,-15.358371086048734
7.12370052336245,15.624897753304003,31.980428942319833,-11.357416064433336
10.34783281580293,21.150776337624453,25.05751528564182,-13.033964539919602
6.521286510672864,13.4463834201675,30.669402911587728,-9.7299166086309
7.281721089158997,13.41763178766852,26.658495405638988,-16.583697751174626
10.736724232465797,15.483647449764067,23.672096486458365,-15.643879933397862
0.03959604102288367,1.0896022236944385,28.5481146942799,-20.140591794494544
0.07648063370396811,1.362386298484704,31.06504467190059,-17.859328357730885
3.0558285752613923,12.70676496402381,32.397513573578415,-19.061162308244885
2.4009379205762054,9.879032804902991,31.189220109783008,-16.701515383482842
2.738193761681024,11.005904703135366,31.69415493118855,-17.985184962298828
4.87551541155507,13.163810472809995,29.707802517548977,-17.180755180065724
4.882640014988965,11.342156124884308,31.242466859183505,-20.783422733319984
6.471893397040318,16.065169772124484,27.401648087828228,-18.826404675960717
4.7503540288559885,15.647222737530052,28.98902843341664,-21.008455738457666
4.24208578424792,14.867121407510242,29.46582280024886,-18.98017653402025
